<?xml version="1.0" encoding="UTF-8"?>
<?xml-model href="https://pds.nasa.gov/pds4/pds/v1/PDS4_PDS_1A00.sch" schematypens="http://purl.oclc.org/dsdl/schematron"?>
<Product_Observational xmlns="http://pds.nasa.gov/pds4/pds/v1" xmlns:xsi="http://www.w3.org/2001/XMLSchema-instance" xsi:schemaLocation="http://pds.nasa.gov/pds4/pds/v1 https://pds.nasa.gov/pds4/pds/v1/PDS4_PDS_1A00.xsd">
  <Identification_Area>
    <logical_identifier>urn:nasa:pds:gbo.ast-itokawa.torino.polarimetry:data:itokawapolar_tab</logical_identifier>
    <version_id>1.1</version_id>
    <title>POLARIMETRY OF ASTEROID ITOKAWA</title>
    <information_model_version>1.10.0.0</information_model_version>
    <product_class>Product_Observational</product_class>
    <Citation_Information>
      <author_list>Cellino, A.;Yoshida, F.;Anderlucci, E.;Bendjoya, P.;DiMartino, M.;Ishiguro,
M.;Nakamura, A.M.;Saito, J.</author_list>
      <publication_year>2007</publication_year>
      <description>Polarimetry of asteroid 25143 Itokawa in
        the Johnson-Cousins UBVRI system, from Table 1 of Cellino et al.      
        (2005).</description>
    </Citation_Information>
    <Modification_History>
      <Modification_Detail>
        <modification_date>2020-02-28</modification_date>
        <version_id>1.0</version_id>
        <description>Migrated from ITOKAWAPOLAR_TAB in EAR-A-I0066-3-ITOKAWAPOL-V1.0</description>
      </Modification_Detail>
      <Modification_Detail>
        <modification_date>2021-05-21</modification_date>
        <version_id>1.1</version_id>
        <description>Added target LIDs</description>
      </Modification_Detail>
    </Modification_History>
  </Identification_Area>
  <Observation_Area>
    <Time_Coordinates>
      <start_date_time>2004-06-28T09:32:24Z</start_date_time>
      <stop_date_time>2004-07-04T08:02:24Z</stop_date_time>
    </Time_Coordinates>
    <Primary_Result_Summary>
      <purpose>Science</purpose>
      <processing_level>Calibrated</processing_level>
      <Science_Facets>
        <wavelength_range>Visible</wavelength_range>
        <discipline_name>Flux Measurements</discipline_name>
        <facet1>Polarimetry</facet1>
      </Science_Facets>
    </Primary_Result_Summary>
    <Investigation_Area>
      <name>None</name>
      <type>Individual Investigation</type>
      <Internal_Reference>
        <lid_reference>urn:nasa:pds:context:investigation:individual.none</lid_reference>
        <reference_type>data_to_investigation</reference_type>
      </Internal_Reference>
    </Investigation_Area>
    <Observing_System>
      <Observing_System_Component>
        <name>Torino Photopolarimeter</name>
        <type>Instrument</type>
        <description>The description for Torino Photopolarimeter can be found in the document collection
for this bundle.</description>
        <Internal_Reference>
          <lid_reference>urn:nasa:pds:context:instrument:el_leoncito.js2m15.torino_phot</lid_reference>
          <reference_type>is_instrument</reference_type>
        </Internal_Reference>
      </Observing_System_Component>
      <Observing_System_Component>
        <name>El Leoncito Astronomical Complex</name>
        <type>Observatory</type>
        <description>The description for El Leoncito Astronomical Complex can be found in the document
collection for this bundle.</description>
        <Internal_Reference>
          <lid_reference>urn:nasa:pds:context:facility:observatory.el_leoncito</lid_reference>
          <reference_type>is_facility</reference_type>
        </Internal_Reference>
      </Observing_System_Component>
      <Observing_System_Component>
        <name>2.15-m Boller &amp; Chivens reflector at El Leoncito Astronomical Complex</name>
        <type>Telescope</type>
        <description>The description for 2.15-m Boller &amp; Chivens reflector at El Leoncito Astronomical
Complex can be found in the document collection for this bundle.</description>
        <Internal_Reference>
          <lid_reference>urn:nasa:pds:context:telescope:el_leoncito.js2m15</lid_reference>
          <reference_type>is_telescope</reference_type>
        </Internal_Reference>
      </Observing_System_Component>
    </Observing_System>
    <Target_Identification>
      <name>(25143) Itokawa</name>
      <type>Asteroid</type>
      <Internal_Reference>
        <lid_reference>urn:nasa:pds:context:target:asteroid.25143_itokawa</lid_reference>
        <reference_type>data_to_target</reference_type>
      </Internal_Reference>
    </Target_Identification>
  </Observation_Area>
  <Reference_List>
    <Internal_Reference>
      <lid_reference>urn:nasa:pds:gbo.ast-itokawa.torino.polarimetry:document:bundle_description</lid_reference>
      <reference_type>data_to_document</reference_type>
    </Internal_Reference>
    <External_Reference>
      <reference_text>CELLINOETAL2005B</reference_text>
      <description>Cellino, A., F. Yoshido, E. Anderlucci, 
        P. Bendjoya, M. DiMartino, and three others, A polarimetric study of  
        asteroid 25143 Itokawa, Icarus 179, 297-303, 2005.</description>
    </External_Reference>
  </Reference_List>
  <File_Area_Observational>
    <File>
      <file_name>itokawapolar.tab</file_name>
      <local_identifier>ITOKAWAPOLAR_TAB</local_identifier>
      <creation_date_time>2007-08-13</creation_date_time>
      <file_size unit="byte">6853</file_size>
      <records>89</records>
    </File>
    <Table_Character>
      <local_identifier>table</local_identifier>
      <offset unit="byte">0</offset>
      <records>89</records>
      <description>Polarimetry of asteroid 25143 Itokawa in
        the Johnson-Cousins UBVRI system, from Table 1 of Cellino et al.      
        (2005).</description>
      <record_delimiter>Carriage-Return Line-Feed</record_delimiter>
      <Record_Character>
        <fields>12</fields>
        <groups>0</groups>
        <record_length unit="byte">77</record_length>
        <Field_Character>
          <name>FILTER</name>
          <field_number>1</field_number>
          <field_location unit="byte">1</field_location>
          <data_type>ASCII_String</data_type>
          <field_length unit="byte">1</field_length>
          <field_format>%-1s</field_format>
          <description>The filter in the Johnson-Cousins       
        photometric system which was used for the observation</description>
        </Field_Character>
        <Field_Character>
          <name>OBSERVATION_JD</name>
          <field_number>2</field_number>
          <field_location unit="byte">3</field_location>
          <data_type>ASCII_Real</data_type>
          <field_length unit="byte">12</field_length>
          <field_format>%12.4f</field_format>
          <unit>Day</unit>
          <description>Julian date of the mid-time of          
        observation</description>
        </Field_Character>
        <Field_Character>
          <name>PHASE</name>
          <field_number>3</field_number>
          <field_location unit="byte">16</field_location>
          <data_type>ASCII_Real</data_type>
          <field_length unit="byte">5</field_length>
          <field_format>%5.2f</field_format>
          <unit>Degree</unit>
          <description>Phase angle at the time of observation</description>
        </Field_Character>
        <Field_Character>
          <name>STOKES_Q</name>
          <field_number>4</field_number>
          <field_location unit="byte">22</field_location>
          <data_type>ASCII_Real</data_type>
          <field_length unit="byte">6</field_length>
          <field_format>%6.3f</field_format>
          <unit>Percent</unit>
          <description>Stokes Q parameter</description>
        </Field_Character>
        <Field_Character>
          <name>STOKES_U</name>
          <field_number>5</field_number>
          <field_location unit="byte">29</field_location>
          <data_type>ASCII_Real</data_type>
          <field_length unit="byte">6</field_length>
          <field_format>%6.3f</field_format>
          <unit>Percent</unit>
          <description>Stokes U parameter</description>
        </Field_Character>
        <Field_Character>
          <name>LINEAR_POLARIZATION</name>
          <field_number>6</field_number>
          <field_location unit="byte">36</field_location>
          <data_type>ASCII_Real</data_type>
          <field_length unit="byte">5</field_length>
          <field_format>%5.3f</field_format>
          <unit>Percent</unit>
          <description>Degree of linear polarization, P =      
        SQRT(Q**2 + U**2), where Q and U are the Stokes Q and U parameters.</description>
        </Field_Character>
        <Field_Character>
          <name>LINEAR_POLARIZATION_UNC</name>
          <field_number>7</field_number>
          <field_location unit="byte">42</field_location>
          <data_type>ASCII_Real</data_type>
          <field_length unit="byte">5</field_length>
          <field_format>%5.3f</field_format>
          <unit>Percent</unit>
          <description>Uncertainty in LINEAR_POLARIZATION</description>
        </Field_Character>
        <Field_Character>
          <name>POSITION_ANGLE</name>
          <field_number>8</field_number>
          <field_location unit="byte">48</field_location>
          <data_type>ASCII_Real</data_type>
          <field_length unit="byte">5</field_length>
          <field_format>%5.1f</field_format>
          <unit>Degree</unit>
          <description>Position angle (PA) of the polarization 
        plane with respect to the North direction</description>
        </Field_Character>
        <Field_Character>
          <name>POSITION_ANGLE_UNC</name>
          <field_number>9</field_number>
          <field_location unit="byte">54</field_location>
          <data_type>ASCII_Real</data_type>
          <field_length unit="byte">4</field_length>
          <field_format>%4.1f</field_format>
          <unit>Degree</unit>
          <description>Uncertainty in POSITION_ANGLE</description>
        </Field_Character>
        <Field_Character>
          <name>THETA</name>
          <field_number>10</field_number>
          <field_location unit="byte">59</field_location>
          <data_type>ASCII_Real</data_type>
          <field_length unit="byte">5</field_length>
          <field_format>%5.1f</field_format>
          <unit>Degree</unit>
          <description>Theta is the angle between the plane    
        containing the direction of the strongest electric vector of the      
        received light (plane of linear polarization) and the plane normal to 
        the scattering plane.  The scattering plane is defined as the plane   
        containing the observer, the Sun, and the asteroid.</description>
        </Field_Character>
        <Field_Character>
          <name>PROP_POLARIZATION</name>
          <field_number>11</field_number>
          <field_location unit="byte">65</field_location>
          <data_type>ASCII_Real</data_type>
          <field_length unit="byte">5</field_length>
          <field_format>%5.3f</field_format>
          <unit>Percent</unit>
          <description>Proper polarization P_r = Pcos(2*THETA) 
        where P is the degree of linear polarization (tabulated as            
        LINEAR_POLARIZATION).</description>
        </Field_Character>
        <Field_Character>
          <name>PROP_POLARIZATION_UNC</name>
          <field_number>12</field_number>
          <field_location unit="byte">71</field_location>
          <data_type>ASCII_Real</data_type>
          <field_length unit="byte">5</field_length>
          <field_format>%5.3f</field_format>
          <unit>Percent</unit>
          <description>Uncertainty in PROP_POLARIZATION</description>
        </Field_Character>
      </Record_Character>
    </Table_Character>
  </File_Area_Observational>
</Product_Observational>

