<?xml version="1.0" encoding="UTF-8"?>
<?xml-model href="https://pds.nasa.gov/pds4/pds/v1/PDS4_PDS_1A00.sch" schematypens="http://purl.oclc.org/dsdl/schematron"?>
<Product_Document xmlns="http://pds.nasa.gov/pds4/pds/v1" xmlns:xsi="http://www.w3.org/2001/XMLSchema-instance" xsi:schemaLocation="http://pds.nasa.gov/pds4/pds/v1 https://pds.nasa.gov/pds4/pds/v1/PDS4_PDS_1A00.xsd">
  <Identification_Area>
    <logical_identifier>urn:nasa:pds:gbo.ast-itokawa.torino.polarimetry:document:aa_document_index</logical_identifier>
    <version_id>1.0</version_id>
    <title>Document list for the POLARIMETRY OF ASTEROID ITOKAWA bundle</title>
    <information_model_version>1.10.0.0</information_model_version>
    <product_class>Product_Document</product_class>
    <Citation_Information>
      <publication_year>2020</publication_year>
      <description>This document contains a listing of other documents in the collection, in a
human-readable format.</description>
    </Citation_Information>
  </Identification_Area>
  <Document>
    <document_name>Document List</document_name>
    <publication_date>2020-02-28</publication_date>
    <description>Describes the documents that are available for the bundle.</description>
    <Document_Edition>
      <edition_name>Plain text</edition_name>
      <language>English</language>
      <files>1</files>
      <description>The document list.</description>
      <Document_File>
        <file_name>AA_Document_Index.txt</file_name>
        <document_standard_id>7-Bit ASCII Text</document_standard_id>
      </Document_File>
    </Document_Edition>
  </Document>
</Product_Document>

